brand,model,year,price,fuel,mileage,motor
PEUGEOT, EXPERT III FOURGON,2018,18880,Diesel,158540,2.0 BLUEHDI 122 PREMIUM PACK
PEUGEOT, EXPERT III FOURGON,2018,18880,Diesel,158540,2.0 BLUEHDI 122 PREMIUM PACK
PEUGEOT, 308 II phase 2,2018,18880,Diesel,158540,2.0 BLUEHDI 122 PREMIUM PACK
PEUGEOT, 208 II,2018,18880,Diesel,158540,2.0 BLUEHDI 122 PREMIUM PACK
PEUGEOT, 508 II SW,2018,18880,Diesel,158540,2.0 BLUEHDI 122 PREMIUM PACK
PEUGEOT, 2008 phase 2,2018,18880,Diesel,158540,2.0 BLUEHDI 122 PREMIUM PACK
PEUGEOT, 308 II SW phase 2,2018,18880,Diesel,158540,2.0 BLUEHDI 122 PREMIUM PACK
PEUGEOT, 308 III SW,2018,18880,Diesel,158540,2.0 BLUEHDI 122 PREMIUM PACK
PEUGEOT, 508 II,2018,18880,Diesel,158540,2.0 BLUEHDI 122 PREMIUM PACK
PEUGEOT, EXPERT III FOURGON,2018,18880,Diesel,158540,2.0 BLUEHDI 122 PREMIUM PACK
PEUGEOT, TRAVELLER,2018,18880,Diesel,158540,2.0 BLUEHDI 122 PREMIUM PACK
PEUGEOT, 5008 II,2018,18880,Diesel,158540,2.0 BLUEHDI 122 PREMIUM PACK
PEUGEOT, 3008 II,2018,18880,Diesel,158540,2.0 BLUEHDI 122 PREMIUM PACK
PEUGEOT, 208 II,2018,18880,Diesel,158540,2.0 BLUEHDI 122 PREMIUM PACK
PEUGEOT, 2008 II,2018,18880,Diesel,158540,2.0 BLUEHDI 122 PREMIUM PACK
PEUGEOT, 308 II phase 2,2018,18880,Diesel,158540,2.0 BLUEHDI 122 PREMIUM PACK
PEUGEOT, 3008 II,2018,18880,Diesel,158540,2.0 BLUEHDI 122 PREMIUM PACK
PEUGEOT, EXPERT III FOURGON,2018,18880,Diesel,158540,2.0 BLUEHDI 122 PREMIUM PACK
PEUGEOT, EXPERT III FOURGON,2018,18880,Diesel,158540,2.0 BLUEHDI 122 PREMIUM PACK
PEUGEOT, 308 II phase 2,2018,18880,Diesel,158540,2.0 BLUEHDI 122 PREMIUM PACK
PEUGEOT, 208 II,2018,18880,Diesel,158540,2.0 BLUEHDI 122 PREMIUM PACK
PEUGEOT, 508 II SW,2018,18880,Diesel,158540,2.0 BLUEHDI 122 PREMIUM PACK
PEUGEOT, 2008 phase 2,2018,18880,Diesel,158540,2.0 BLUEHDI 122 PREMIUM PACK
PEUGEOT, 308 II SW phase 2,2018,18880,Diesel,158540,2.0 BLUEHDI 122 PREMIUM PACK
PEUGEOT, 308 III SW,2018,18880,Diesel,158540,2.0 BLUEHDI 122 PREMIUM PACK
PEUGEOT, 508 II,2018,18880,Diesel,158540,2.0 BLUEHDI 122 PREMIUM PACK
PEUGEOT, EXPERT III FOURGON,2018,18880,Diesel,158540,2.0 BLUEHDI 122 PREMIUM PACK
PEUGEOT, TRAVELLER,2018,18880,Diesel,158540,2.0 BLUEHDI 122 PREMIUM PACK
PEUGEOT, 5008 II,2018,18880,Diesel,158540,2.0 BLUEHDI 122 PREMIUM PACK
PEUGEOT, 3008 II,2018,18880,Diesel,158540,2.0 BLUEHDI 122 PREMIUM PACK
PEUGEOT, 208 II,2018,18880,Diesel,158540,2.0 BLUEHDI 122 PREMIUM PACK
PEUGEOT, 2008 II,2018,18880,Diesel,158540,2.0 BLUEHDI 122 PREMIUM PACK
PEUGEOT, 308 II phase 2,2018,18880,Diesel,158540,2.0 BLUEHDI 122 PREMIUM PACK
PEUGEOT, 3008 II,2018,18880,Diesel,158540,2.0 BLUEHDI 122 PREMIUM PACK
PEUGEOT, 5008,2015,10420,Diesel,202241,1.6 E-HDI 115 BUSINESS
PEUGEOT, 3008 II,2015,10420,Diesel,202241,1.6 E-HDI 115 BUSINESS
PEUGEOT, 308 (2E GENERATION) SW,2015,10420,Diesel,202241,1.6 E-HDI 115 BUSINESS
PEUGEOT, 2008 phase 2,2015,10420,Diesel,202241,1.6 E-HDI 115 BUSINESS
PEUGEOT, 2008 II,2015,10420,Diesel,202241,1.6 E-HDI 115 BUSINESS
PEUGEOT, 3008 II,2015,10420,Diesel,202241,1.6 E-HDI 115 BUSINESS
PEUGEOT, 3008 II,2015,10420,Diesel,202241,1.6 E-HDI 115 BUSINESS
PEUGEOT, 508 II phase 2,2015,10420,Diesel,202241,1.6 E-HDI 115 BUSINESS
PEUGEOT, RIFTER,2015,10420,Diesel,202241,1.6 E-HDI 115 BUSINESS
PEUGEOT, RIFTER,2015,10420,Diesel,202241,1.6 E-HDI 115 BUSINESS
PEUGEOT, 5008 II phase 2,2015,10420,Diesel,202241,1.6 E-HDI 115 BUSINESS
PEUGEOT, RIFTER,2015,10420,Diesel,202241,1.6 E-HDI 115 BUSINESS
PEUGEOT, 308 II AFFAIRE phase 2,2015,10420,Diesel,202241,1.6 E-HDI 115 BUSINESS
PEUGEOT, 208 II,2015,10420,Diesel,202241,1.6 E-HDI 115 BUSINESS
PEUGEOT, EXPERT III FOURGON,2015,10420,Diesel,202241,1.6 E-HDI 115 BUSINESS
PEUGEOT, 3008 II phase 2,2015,10420,Diesel,202241,1.6 E-HDI 115 BUSINESS
PEUGEOT, 208 phase 2,2015,10420,Diesel,202241,1.6 E-HDI 115 BUSINESS
PEUGEOT, 508 phase 2,2018,12960,Diesel,230245,1.6 BLUEHDI 120 FELINE
PEUGEOT, 5008 II,2018,12960,Diesel,230245,1.6 BLUEHDI 120 FELINE
PEUGEOT, 2008 II,2018,12960,Diesel,230245,1.6 BLUEHDI 120 FELINE
PEUGEOT, 308 II,2018,12960,Diesel,230245,1.6 BLUEHDI 120 FELINE
PEUGEOT, PARTNER II FOURGON phase 2,2018,12960,Diesel,230245,1.6 BLUEHDI 120 FELINE
PEUGEOT, 208 II,2018,12960,Diesel,230245,1.6 BLUEHDI 120 FELINE
PEUGEOT, 308 II,2018,12960,Diesel,230245,1.6 BLUEHDI 120 FELINE
PEUGEOT, 308 II phase 2,2018,12960,Diesel,230245,1.6 BLUEHDI 120 FELINE
PEUGEOT, 208 II,2018,12960,Diesel,230245,1.6 BLUEHDI 120 FELINE
PEUGEOT, 5008 II phase 2,2018,12960,Diesel,230245,1.6 BLUEHDI 120 FELINE
PEUGEOT, 5008 II,2018,12960,Diesel,230245,1.6 BLUEHDI 120 FELINE
PEUGEOT, 208 phase 2,2018,12960,Diesel,230245,1.6 BLUEHDI 120 FELINE
PEUGEOT, 2008 phase 2,2018,12960,Diesel,230245,1.6 BLUEHDI 120 FELINE
PEUGEOT, 208 II,2018,12960,Diesel,230245,1.6 BLUEHDI 120 FELINE
PEUGEOT, 2008 phase 2,2018,12960,Diesel,230245,1.6 BLUEHDI 120 FELINE
PEUGEOT, 3008 II phase 2,2018,12960,Diesel,230245,1.6 BLUEHDI 120 FELINE
PEUGEOT, EXPERT III FOURGON,2018,12960,Diesel,230245,1.6 BLUEHDI 120 FELINE
PEUGEOT, PARTNER phase 2,2015,8940,Diesel,211951,1.6 HDI 90 STYLE
PEUGEOT, BOXER II phase 2,2015,8940,Diesel,211951,1.6 HDI 90 STYLE
PEUGEOT, 3008 II phase 2,2015,8940,Diesel,211951,1.6 HDI 90 STYLE
PEUGEOT, 3008 II,2015,8940,Diesel,211951,1.6 HDI 90 STYLE
PEUGEOT, 5008 II,2015,8940,Diesel,211951,1.6 HDI 90 STYLE
PEUGEOT, 5008 phase 2,2015,8940,Diesel,211951,1.6 HDI 90 STYLE
PEUGEOT, EXPERT III FOURGON,2015,8940,Diesel,211951,1.6 HDI 90 STYLE
PEUGEOT, 308 II SW phase 2,2015,8940,Diesel,211951,1.6 HDI 90 STYLE
PEUGEOT, 308 II SW phase 2,2015,8940,Diesel,211951,1.6 HDI 90 STYLE
PEUGEOT, 2008 II,2015,8940,Diesel,211951,1.6 HDI 90 STYLE
PEUGEOT, 5008 II,2015,8940,Diesel,211951,1.6 HDI 90 STYLE
PEUGEOT, 508 II,2015,8940,Diesel,211951,1.6 HDI 90 STYLE
PEUGEOT, 2008 II,2015,8940,Diesel,211951,1.6 HDI 90 STYLE
PEUGEOT, 208 AFFAIRE phase 2,2015,8940,Diesel,211951,1.6 HDI 90 STYLE
PEUGEOT, 5008 II,2015,8940,Diesel,211951,1.6 HDI 90 STYLE
PEUGEOT, 3008 II,2015,8940,Diesel,211951,1.6 HDI 90 STYLE
PEUGEOT, 2008 II,2015,8940,Diesel,211951,1.6 HDI 90 STYLE
